ticker,date,open,high,low,close,volume
AAPL,2023-01-03,128.34377240566315,128.9545531314731,122.32457886036785,123.2112045288086,112117500
AAPL,2023-01-04,125.00415469022626,126.74785308207225,123.22105739420844,124.4820327758789,89113600
AAPL,2023-01-05,125.24059869217061,125.87108644843491,122.90582630338176,123.16195678710938,80962700
AAPL,2023-01-06,124.1372097536294,128.35359059730803,123.0338527698974,127.69355010986328,87754700
AAPL,2023-01-09,128.530949601707,131.4272575812406,127.95956778658704,128.2156982421875,70790800
AAPL,2023-01-10,128.32407802637962,129.30921608440133,126.21588318349379,128.78709411621094,63896200
AAPL,2023-01-11,129.29935853420528,131.52576493439358,128.52110615216108,131.50607299804688,69458900
AAPL,2023-01-12,131.8902467800209,132.26458890325407,129.48650826490348,131.42723083496094,71379600
AAPL,2023-01-13,130.0677644513709,132.914812571895,129.70326821418658,132.75718688964844,57809700
AAPL,2023-01-17,132.82615869144374,135.24958975985854,132.1365650960417,133.91966247558594,63646600
AAPL,2023-01-18,134.78658853017248,136.5499789381121,133.02318309021993,133.2005157470703,69672800
AAPL,2023-01-19,132.08729648616435,134.22504400705918,131.78190613060963,133.25961303710938,58280400
AAPL,2023-01-20,133.26947983700657,135.96876361967614,132.2252358649708,135.82098388671875,80223600
AAPL,2023-01-23,136.06727935780177,141.1900098722199,135.8505477576372,139.01284790039062,81760300
AAPL,2023-01-24,138.22469014521045,141.03233904710638,138.2148441781761,140.4116973876953,66435100
AAPL,2023-01-25,138.79606308722262,140.31316867471608,136.7469746734582,139.75164794921875,65799300
AAPL,2023-01-26,141.0421976938989,142.10614847767724,139.79106829556534,141.82046508789062,54105100
AAPL,2023-01-27,141.03236318771044,145.04186713056833,140.95355034191297,143.7611846923828,70555800
AAPL,2023-01-30,142.80563325307273,143.3868611555781,140.7269911492517,140.874755859375,64015300
AAPL,2023-01-31,140.57918779657314,142.19481349464007,140.16543164570373,142.1455535888672,65874500
AAPL,2023-02-01,141.83032262446247,144.43108640849707,139.21971287170524,143.26861572265625,77663600
AAPL,2023-02-02,146.6870585876551,148.93317227622254,145.96791197621397,148.5785369873047,118339000
AAPL,2023-02-03,145.82995335488886,155.04099817815143,145.63292879315281,152.20379638671875,154357300
AAPL,2023-02-06,150.30250288074524,150.82462478693864,148.53909754834626,149.4749755859375,69858300
AAPL,2023-02-07,148.40119485902974,152.92297488891165,148.40119485902974,152.35159301757812,83322600
AAPL,2023-02-08,151.5930321421785,152.28262569889247,148.9233016908853,149.6621551513672,64120100
AAPL,2023-02-09,151.49453251585427,152.036361465456,148.18446797066764,148.62777709960938,56007100
AAPL,2023-02-10,147.46354505272012,149.31842209117474,147.226745512614,148.99282836914062,57450700
AAPL,2023-02-13,148.9336202674222,152.19940317198714,148.90402220916044,151.79489135742188,62199000
AAPL,2023-02-14,150.08800434565288,151.7159729836762,148.84484061249728,151.15357971191406,61707600
AAPL,2023-02-15,151.06476513520522,153.4228390365263,150.83784167870803,153.25511169433594,65573800
AAPL,2023-02-16,151.4594283283723,154.24176636818623,151.3015770289575,151.65676879882812,68167900
AAPL,2023-02-17,150.314927401964,150.95623873407766,148.83496427712012,150.5122528076172,59144100
AAPL,2023-02-21,148.1936535747809,149.27896600318738,146.42757068306315,146.4966278076172,58867200
AAPL,2023-02-22,146.88140906273446,147.94698436963745,145.19425945136115,146.92088317871094,51011300
AAPL,2023-02-23,148.08511286734324,148.33177339849212,145.27319184522457,147.40432739257812,48394200
AAPL,2023-02-24,145.1449254913303,145.22385866894857,143.77349352201168,144.75027465820312,55469600
AAPL,2023-02-27,145.736905394929,147.17739437262094,145.48036882399748,145.944091796875,44998500
AAPL,2023-02-28,145.085741426228,147.08862392793702,144.86867893348426,145.44093322753906,50547000
AAPL,2023-03-01,144.86865768902635,145.26330849706878,143.0729618860178,143.36895751953125,55479000
AAPL,2023-03-02,142.45142174425123,144.75030013651786,141.97782259518067,143.9609832763672,52238100
AAPL,2023-03-03,146.06247767198354,149.09147589261863,145.36197027021535,149.01254272460938,70732300
AAPL,2023-03-06,151.7356723720831,154.21215352218627,151.41009374796985,151.775146484375,87558000
AAPL,2023-03-07,151.64689058754286,151.9724842932115,149.1112281718285,149.574951171875,56182000
AAPL,2023-03-08,150.768776295138,151.41996369175047,149.80187125635692,150.82797241210938,47204800
AAPL,2023-03-09,151.5087739759212,152.47567911750554,148.2232536400137,148.5784454345703,53833600
AAPL,2023-03-10,148.20352210122027,148.92376664622063,145.63824652167983,146.516357421875,68572400
AAPL,2023-03-13,145.83556564568843,151.09436981836478,145.72703441304543,148.4600372314453,84457100
AAPL,2023-03-14,149.25922844223368,151.35090505544113,148.0949978910982,150.55172729492188,73695900
AAPL,2023-03-15,149.1704519790422,151.20293271142558,147.91741204069223,150.9464111328125,77167900
AAPL,2023-03-16,150.1274466592856,154.3700101664544,149.6143886164517,153.76815795898438,76161100
AAPL,2023-03-17,153.99509488717774,154.64628226147335,152.21913616408204,152.9295196533203,98944600
AAPL,2023-03-20,152.99862213932042,155.71188834819753,152.09089801379864,155.2974853515625,73641400
AAPL,2023-03-21,155.21856391429898,157.2707665184009,154.44896911905354,157.15237426757812,73938300
AAPL,2023-03-22,157.17209056471103,159.97415053377057,155.7019884063488,155.7217254638672,75701800
AAPL,2023-03-23,156.7083516682842,159.39201912983532,155.57370432805416,156.8070068359375,67622100
AAPL,2023-03-24,156.73792814347,158.1981538963619,155.74142527409106,158.10935974121094,59196500
AAPL,2023-03-27,157.8035399490982,158.62245469903792,155.76118357485748,156.16571044921875,52390300
AAPL,2023-03-28,155.8598764210837,156.37293460313032,153.8964529365925,155.5441436767578,45992200
AAPL,2023-03-29,157.2411740858945,158.89874093159347,157.2214520800284,158.6224822998047,51305700
AAPL,2023-03-30,159.37229315696538,160.2997391161816,159.11577163727372,160.1912078857422,49501700
AAPL,2023-03-31,160.270134648553,162.79593585053084,159.74721557415742,162.697265625,68749800
AAPL,2023-04-03,162.07571848273926,164.06872488806627,162.0263833617239,163.95033264160156,56976200
AAPL,2023-04-04,164.37458557847017,164.61137005549932,162.90448337873613,163.41754150390625,46278300
AAPL,2023-04-05,162.53941454235493,162.84527116493152,159.6386845457234,161.57249450683594,51511700
AAPL,2023-04-06,160.26027222926052,162.75649064193277,159.83602334429725,162.4604949951172,45390100
AAPL,2023-04-10,159.26374836927192,159.8656005859375,157.94165171461705,159.8656005859375,47716900
AAPL,2023-04-11,160.1813521100088,160.19121311129285,158.36591919116847,158.6520538330078,47644200
AAPL,2023-04-12,159.0664295213536,159.8952052146149,157.64566258721274,157.96139526367188,50133100
AAPL,2023-04-13,159.4709538117945,163.58524921058068,159.26375236431844,163.34844970703125,68445600
AAPL,2023-04-14,162.39143019016473,164.0983319737809,161.63172656331614,163.00315856933594,49386500
AAPL,2023-04-17,162.8847436304976,163.1807392768596,161.83890539432053,163.0228729248047,41516200
AAPL,2023-04-18,163.88125462301093,165.1737533320214,163.4372536454433,164.24630737304688,49923000
AAPL,2023-04-19,163.58525138616776,165.91372717633618,163.32871482350347,165.39080810546875,47720200
AAPL,2023-04-20,163.8713720291843,165.62759364761484,163.34845295487423,164.42388916015625,52456400
AAPL,2023-04-21,162.84528714652217,164.226580111448,162.29276996055185,162.81568908691406,58337300
AAPL,2023-04-24,162.79594256316088,163.38793383083043,161.70076925644653,163.1215362548828,41949600
AAPL,2023-04-25,162.98341218856248,164.08844653165775,161.54290808705858,161.58238220214844,48714100
AAPL,2023-04-26,160.8818480921529,163.07219461797823,160.6253265824028,161.57249450683594,45498800
AAPL,2023-04-27,162.98341161052969,166.3083906842776,162.98341161052969,166.160400390625,64902300
AAPL,2023-04-28,166.23931504498196,167.58114875947356,165.63746282624027,167.4134063720703,55275900
AAPL,2023-05-01,167.01875886308395,168.17312821243692,166.38730857655852,167.32461547851562,52472900
AAPL,2023-05-02,167.81797955488014,168.07451617943886,165.30203876342605,166.28868103027344,48425700
AAPL,2023-05-03,167.23584575291258,168.63687581044152,164.92710671677185,165.21322631835938,65136000
AAPL,2023-05-04,162.68740659727376,164.8086809772467,162.11515240317325,163.57537841796875,81235400
AAPL,2023-05-05,168.69605053726107,171.9717093122383,168.478988085668,171.25146484375,113453200
AAPL,2023-05-08,170.1760244116815,171.5277343198539,169.8109716539451,171.18240356445312,55962800
AAPL,2023-05-09,170.73844101187063,171.22188606967399,169.30781278853107,169.4755401611328,45326900
AAPL,2023-05-10,170.7088427451169,171.70534597701706,169.6037932108191,171.2416229248047,53724500
AAPL,2023-05-11,171.52774738748727,172.2578529585823,169.87018071223292,171.4290771484375,49514700
AAPL,2023-05-12,171.5377153905618,171.97244074298538,168.94914270667581,170.5003204345703,45533100
AAPL,2023-05-15,171.0832561601379,171.13265951386708,169.41352230428424,170.00633239746094,37266700
AAPL,2023-05-16,169.92729004665156,171.0634918034888,169.73956634795272,170.00633239746094,42110300
AAPL,2023-05-17,169.65065404284252,170.8560084675657,168.37611683004315,170.618896484375,57951600
AAPL,2023-05-18,170.9252052614361,173.13834629441766,170.51024414446266,172.95062255859375,65496700
AAPL,2023-05-19,174.27450921230027,174.27450921230027,172.84190244667505,173.05926513671875,55809500
AAPL,2023-05-22,171.89343134950482,172.61468722054929,171.3697889134683,172.1107940673828,43570900
AAPL,2023-05-23,171.05360389467134,171.3006055683709,169.2257854789803,169.50242614746094,50747300
AAPL,2023-05-24,169.03809335131075,170.35214430979713,168.4749372695529,169.7790985107422,45143500
AAPL,2023-05-25,170.3422375122457,171.81435783591468,169.63087148741525,170.915283203125,56058300
AAPL,2023-05-26,171.24135456411133,173.6619683326656,171.03386649216068,173.32603454589844,54835000
AAPL,2023-05-30,174.83771102645838,176.8433638660441,174.4523889310648,175.1736297607422,55964400
AAPL,2023-05-31,175.20324889662425,177.19902686801004,174.64007778024913,175.12420654296875,99625300
AAPL,2023-06-01,175.568824614325,177.95979952365096,174.8080550736066,177.93016052246094,68901800
AAPL,2023-06-02,178.8588427561831,179.5998477441502,177.11006676336092,178.77980041503906,61996900
AAPL,2023-06-05,180.43966236224,182.73182998955744,175.90470030452616,177.42623901367188,121946500
AAPL,2023-06-06,177.81160982601426,177.95980483638854,175.30206376122024,177.06072998046875,64848400
AAPL,2023-06-07,176.2999067027438,179.03668930821044,175.19334409365325,175.68734741210938,61944600
AAPL,2023-06-08,175.76641213704826,178.67115468077665,175.3317017878174,178.40440368652344,50214900
AAPL,2023-06-09,179.32328158392565,180.04452251728407,178.46372026504932,178.78976440429688,48900000
AAPL,2023-06-12,179.09600328256303,181.68457636718009,178.79959821677159,181.5857696533203,54274900
AAPL,2023-06-13,180.60761800920864,181.94141793661493,180.25193501340996,181.1114959716797,54929100
AAPL,2023-06-14,181.17078973520816,182.1785608236948,179.83698969165084,181.74383544921875,57462900
AAPL,2023-06-15,181.7537423543279,184.28303741690132,181.57589328622848,183.77914428710938,65433200
AAPL,2023-06-16,184.490530124381,184.74742157511324,182.06004151498252,182.70223999023438,101256200
AAPL,2023-06-20,182.19834264439277,183.86807659469073,182.19834264439277,182.7911376953125,49799100
AAPL,2023-06-21,182.68246747271866,183.18636063386023,180.40017397466633,181.75375366210938,49515700
AAPL,2023-06-22,181.53638158238215,184.8066817993699,181.46721386744264,184.7572784423828,51245300
AAPL,2023-06-23,183.32467881492002,185.31056720794078,182.79114665956078,184.4411163330078,53117000
AAPL,2023-06-26,184.5893075659166,185.79467703737228,183.0084906957425,183.0480194091797,48088700
AAPL,2023-06-27,183.66057729582204,186.13059421306954,183.44321460104132,185.80455017089844,50730800
AAPL,2023-06-28,185.67610944091012,187.6224840299043,185.3500804657921,186.98028564453125,51216800
AAPL,2023-06-29,186.81232983886036,187.79046201011187,186.67400948819943,187.3162078857422,46347300
AAPL,2023-06-30,189.33175958026345,192.14757008838143,188.96618679019105,191.64369201660156,85213200
AAPL,2023-07-03,191.45597092726317,191.5547776450248,189.46019281962833,190.1518096923828,31458200
AAPL,2023-07-05,189.27245113243498,190.66552912461296,188.33383270493644,189.0353240966797,46920300
AAPL,2023-07-06,187.56320791106293,189.7170705815605,186.9308841600135,189.50958251953125,45094300
AAPL,2023-07-07,189.11438325252212,190.35926638037827,187.95841711755844,188.39312744140625,46815000
AAPL,2023-07-10,186.9901751208951,187.71143099184326,184.79679865953796,186.3479766845703,59922200
AAPL,2023-07-11,186.8913900886379,187.02971045254367,184.36209481962464,185.8243408203125,46638100
AAPL,2023-07-12,187.4051170053163,189.4008949030878,186.2096372553674,187.49404907226562,60750200
AAPL,2023-07-13,188.2153081360164,188.897035286273,187.5039419858172,188.25482177734375,41342300
AAPL,2023-07-14,187.94855582890273,188.88715940601534,187.35576071083716,188.40304565429688,41616200
AAPL,2023-07-17,189.59849130268125,191.9894809296959,189.50957431242833,191.66343688964844,50520200
AAPL,2023-07-18,191.03112283932904,191.99936529239264,190.1122686661601,191.40655517578125,48288200
AAPL,2023-07-19,190.78413334726974,195.8525983579603,190.3395181934612,192.76014709472656,80507300
AAPL,2023-07-20,192.7502206227197,194.11367467272564,190.19128692590516,190.81373596191406,59581200
AAPL,2023-07-21,191.77214478083425,192.63170595716375,188.93655473427472,189.63804626464844,71951700
AAPL,2023-07-24,191.0903815041778,192.57239156999128,189.9442901017601,190.43829345703125,45377800
AAPL,2023-07-25,191.01136672601527,192.10805493602857,190.60628029804008,191.29788208007812,37283200
AAPL,2023-07-26,191.34728040522955,193.29365506077994,191.00148706119938,192.16732788085938,47471900
AAPL,2023-07-27,193.6691325212443,194.83497352174916,190.2407470931574,190.9027099609375,47460200
AAPL,2023-07-28,192.33530787544035,194.27180809784448,191.81166540691163,193.4813995361328,48291400
AAPL,2023-07-31,193.70859582748605,194.1334465580661,192.91818743340556,194.0939178466797,38824100
AAPL,2023-08-01,193.88645666636083,194.37057034188453,192.93796352063418,193.26400756835938,35175100
AAPL,2023-08-02,192.70084355962268,192.83916391140565,189.54911446715442,190.27035522460938,50389300
AAPL,2023-08-03,189.27245477585868,190.06284809201935,188.40300403713854,188.8772430419922,61235200
AAPL,2023-08-04,183.295020485719,185.13271368389906,179.73819007769725,179.80735778808594,115956800
AAPL,2023-08-07,179.945724709752,180.9337317370704,175.22305232523334,176.70506286621094,97576100
AAPL,2023-08-08,177.53496487660905,178.10801069610721,175.45026968400623,177.64364624023438,67823000
AAPL,2023-08-09,178.70079919463467,178.76007719518685,174.88709204262926,176.05294799804688,60378500
AAPL,2023-08-10,177.32747151707323,178.58224448237493,175.4700288246158,175.83558654785156,54686900
AAPL,2023-08-11,175.42996682009903,176.71609814181758,174.66816996475507,175.8949432373047,52036700
AAPL,2023-08-14,176.07304120627697,177.77470914879805,175.4200724407671,177.5471649169922,43675600
AAPL,2023-08-15,176.97334414092546,177.56693975444728,175.1628480821964,175.55857849121094,43622600
AAPL,2023-08-16,175.24200164765458,176.63696118746435,174.6187118962378,174.68797302246094,46964900
AAPL,2023-08-17,175.25187020963352,175.6179215615527,171.6308784010705,172.1453399658203,66062900
AAPL,2023-08-18,170.46345254957686,173.23361029129558,170.12708024206367,172.63011169433594,61172200
AAPL,2023-08-21,173.20391662712854,174.2526155537449,171.88809143364858,173.9656982421875,46311900
AAPL,2023-08-22,175.17272569654475,175.78611232307705,174.3713618531986,175.34091186523438,42038900
AAPL,2023-08-23,176.6171452729967,179.61484705303545,176.42916808280543,179.18942260742188,52722800
AAPL,2023-08-24,178.74425133745834,179.16967585239115,174.13391827576947,174.49998474121094,54945800
AAPL,2023-08-25,175.4893219988908,177.2404448053197,173.9459523611551,176.70620727539062,51449600
AAPL,2023-08-28,178.17042326142217,178.66509377862053,176.6468447107556,178.2693634033203,43820700
AAPL,2023-08-29,177.78455525489372,182.929124873536,177.58669009574285,182.15744018554688,53003900
AAPL,2023-08-30,182.96870544998342,185.84769104467406,182.77084029246882,185.64981079101562,60813900
AAPL,2023-08-31,185.8378136528603,187.10416895130786,185.48165028166278,185.86749267578125,60794500
AAPL,2023-09-01,187.47023078000296,187.89564016216337,186.27312153245367,187.4405517578125,45766500
AAPL,2023-09-05,186.27311615331163,187.95499277883354,185.61025951662367,187.677978515625,45280000
AAPL,2023-09-06,186.3918455631262,186.8370611072444,179.53571941437733,180.9603729248047,81755800
AAPL,2023-09-07,173.312752460059,176.31046963604499,171.69023379276553,175.66738891601562,112488800
AAPL,2023-09-08,176.44896296342043,178.31881673909905,175.89491935539235,176.28076171875,65551300
AAPL,2023-09-11,178.1506198206809,178.37816399656032,175.44970834431305,177.44818115234375,58953100
AAPL,2023-09-12,177.57682236385347,178.2100000030001,172.95660168355545,174.4208221435547,90370200
AAPL,2023-09-13,174.62857587906927,175.4101637291933,172.12554433664133,172.3531036376953,84267900
AAPL,2023-09-14,172.14533201670497,174.22295413122683,171.72981061302968,173.86679077148438,60895800
AAPL,2023-09-15,174.59889423512476,174.61868528190746,171.967258666553,173.14456176757812,109259500
AAPL,2023-09-18,174.59890495957814,177.46800307348116,174.2922116482627,176.07302856445312,67257600
AAPL,2023-09-19,175.62781908525017,177.71532920549458,175.24197669791334,177.1613006591797,51826900
AAPL,2023-09-20,177.34928142287384,177.78459392537832,173.53042414564908,173.61947631835938,58436200
AAPL,2023-09-21,172.6894667209782,174.42081339229338,172.00681904661934,172.07606506347656,63149100
AAPL,2023-09-22,172.8081943086496,175.19250979208792,172.19480770645978,172.92691040039062,56725400
AAPL,2023-09-25,172.34318970903263,175.08366835534056,172.2937196425223,174.20315551757812,46172700
AAPL,2023-09-26,172.95663743376016,173.33257682786467,169.83031558969805,170.1271209716797,64588900
AAPL,2023-09-27,170.7800319235512,171.19555331579562,167.24809254140138,168.61337280273438,66921800
AAPL,2023-09-28,167.53500431517824,170.19633406818943,165.83333655703308,168.87062072753906,56294400
AAPL,2023-09-29,170.18644988639232,171.2252609973693,168.5243490895999,169.3850860595703,51861100
AAPL,2023-10-02,169.39497856408786,172.44215085955082,169.10806120104496,171.89801025390625,52164500
AAPL,2023-10-03,170.42388604353025,171.77929356494764,168.9992475938596,170.56239318847656,49594600
AAPL,2023-10-04,169.26633133730053,172.35308521759683,169.14761525980057,171.80894470214844,53020300
AAPL,2023-10-05,171.93756684563112,173.57987653919332,170.83939772477277,173.04563903808594,48527900
AAPL,2023-10-06,171.94747372177912,176.092815045354,171.33407201891083,175.59814453125,57266700
AAPL,2023-10-09,174.9253820623563,177.1415113656987,173.92615307401468,177.0821533203125,42390800
AAPL,2023-10-10,176.20162316730602,177.80435062036204,176.05321297222847,176.488525390625,43698000
AAPL,2023-10-11,176.300562769531,177.9329844734106,175.70696722860302,177.88351440429688,47551100
AAPL,2023-10-12,178.1506510638416,180.39644439001881,177.13161588848607,178.78382873535156,56743100
AAPL,2023-10-13,179.48624788964275,179.9908063804386,176.24121051823693,176.9436492919922,51427100
AAPL,2023-10-16,174.86602989056055,177.17119633941073,174.6285826048942,176.81503295898438,52517000
AAPL,2023-10-17,174.7670787756051,176.51821654411026,172.93680701299223,175.26174926757812,57549400
AAPL,2023-10-18,173.70847504574286,175.68715682310025,173.24348362037233,173.9656982421875,54764400
AAPL,2023-10-19,174.16360253338752,175.94441955236843,173.32267164674883,173.5897979736328,59302900
AAPL,2023-10-20,173.44139955643163,173.55022768989312,170.7998604218469,171.0373077392578,64244000
AAPL,2023-10-23,169.08827156264798,172.15521956196545,168.11870652701532,171.15599060058594,55980100
AAPL,2023-10-24,171.20545097606092,171.81883752196748,169.6224994494151,171.59129333496094,43816600
AAPL,2023-10-25,170.04794519039626,171.21536038795298,168.83104482476435,169.27626037597656,57157000
AAPL,2023-10-26,168.55401686361284,169.55326090861308,163.90411730631092,165.11111450195312,70625300
AAPL,2023-10-27,165.13089150916355,167.1590433521086,165.05174242645685,166.4269256591797,58499100
AAPL,2023-10-30,167.218431744534,169.3455090048735,167.07002152646473,168.47488403320312,51131000
AAPL,2023-10-31,167.54492077929578,169.07838740239757,166.1103641120373,168.9497833251953,44846000
AAPL,2023-11-01,169.1773175299865,172.37288485640974,168.3066925856151,172.11566162109375,56934900
AAPL,2023-11-02,173.64913976332178,175.88504503012373,173.58978171760563,175.6772918701172,77334800
AAPL,2023-11-03,172.38278939451087,174.93529110628108,171.5022764668811,174.76708984375,79829200
AAPL,2023-11-06,174.49998235165765,177.51746053122469,174.3317961816863,177.31959533691406,63841300
AAPL,2023-11-07,177.2701137835187,180.495375116872,177.06236062659886,179.88198852539062,70530000
AAPL,2023-11-08,180.40634475587757,181.4946108426327,179.65443590363796,180.94058227539062,49340300
AAPL,2023-11-09,181.00983881988668,182.1574629246798,179.87208759448916,180.4656982421875,53763500
AAPL,2023-11-10,182.24883894138773,184.82452025063435,181.8129530168045,184.65609741210938,66133400
AAPL,2023-11-13,184.0815522328342,184.28957909475855,182.4866141219331,183.0710906982422,43627500
AAPL,2023-11-14,185.94394820695575,186.35011603301572,184.55705211313364,185.68638610839844,60108400
AAPL,2023-11-15,186.09257648247507,187.72713387081996,186.02322411136396,186.25106811523438,53790500
AAPL,2023-11-16,187.79646053927942,189.1734556093977,186.88505441646575,187.93515014648438,54412900
AAPL,2023-11-17,188.47011800403556,188.5989066274509,186.80584248313986,187.9153594970703,50922700
AAPL,2023-11-20,188.11347160798348,190.1145776039652,188.10357060538217,189.65887451171875,46505100
AAPL,2023-11-21,189.61923040247643,189.72820188087152,187.96485622395673,188.85643005371094,38134500
AAPL,2023-11-22,189.69849596618437,191.12501116236683,189.04466705374648,189.52017211914062,39617700
AAPL,2023-11-24,189.08429242242372,189.11401054524026,187.47945332619432,188.19271850585938,24048300
AAPL,2023-11-27,188.14317764380084,188.88616092409407,187.13271615011263,188.01438903808594,40552600
AAPL,2023-11-28,188.0044881862593,189.29232889633607,187.62803848681267,188.61868286132812,38415400
AAPL,2023-11-29,189.11399699712592,190.29286617117475,187.2020606914072,187.5983123779297,43014200
AAPL,2023-11-30,188.06391060225252,188.53943075060016,186.42935355090071,188.17288208007812,48794400
AAPL,2023-12-01,188.54934617033052,189.76783452208102,187.45963130874318,189.45083618164062,45704800
AAPL,2023-12-04,188.20263336404662,188.2719857330804,185.69630404843608,187.65777587890625,43389500
AAPL,2023-12-05,188.43046796633192,192.58125508438908,188.40073472916,191.6104278564453,66628400
AAPL,2023-12-06,192.63079897005184,192.93789631295678,190.3126947209947,190.52073669433594,41089700
AAPL,2023-12-07,191.8184723448333,193.17565028147504,191.77883810543793,192.45248413085938,47477700
AAPL,2023-12-08,192.38314555463674,194.15640755182167,191.8581052152776,193.8790283203125,53406400
AAPL,2023-12-11,191.30334341541183,191.6797931299085,189.62915193698308,191.3726806640625,60943700
AAPL,2023-12-12,191.27361158280868,192.89826770087802,189.92633467152928,192.88836669921875,52696900
AAPL,2023-12-13,193.26481149731427,196.1475903161728,193.02706651664724,196.10797119140625,70404200
AAPL,2023-12-14,196.16742216364264,197.75244424587422,194.32482284497263,196.25657653808594,66831600
AAPL,2023-12-15,195.68196915621468,196.5438248679527,195.15692888170386,195.7216033935547,128538400
AAPL,2023-12-18,194.25542257484832,194.79037892166303,192.57133041449305,194.0572967529297,55751900
AAPL,2023-12-19,194.32483266340077,195.10743518311423,194.05735441052127,195.0975341796875,40714100
AAPL,2023-12-20,195.05788936850126,195.8305908429342,193.00726318359375,193.00726318359375,52242800
AAPL,2023-12-21,194.26537091395173,195.23619818360498,191.6896894536902,192.858642578125,46482500
AAPL,2023-12-22,193.35394675355903,193.58180582555468,191.16463132079943,191.7887420654297,37149600
AAPL,2023-12-26,191.7986702097743,192.0760494430794,191.02596875756228,191.24391174316406,28919300
AAPL,2023-12-27,190.68915794498034,191.6897034098951,189.3022466284661,191.3429718017578,48087700
AAPL,2023-12-28,192.32370988068791,192.8388492190412,191.36278357008254,191.76895141601562,34049900
AAPL,2023-12-29,192.08595308574118,192.58127531145587,189.9362564400636,190.72877502441406,42672100
AAPL,2024-01-02,185.39909638597572,186.67703614744315,182.16960103197144,183.90322875976562,82488700
AAPL,2024-01-03,182.49651173581816,184.1409850600839,181.7138941984477,182.52622985839844,58414500
AAPL,2024-01-04,180.44589014802324,181.37709839926953,179.18778251294714,180.20814514160156,71983600
AAPL,2024-01-05,180.2874048658164,181.05019027633338,178.4844245514249,179.48497009277344,62379700
AAPL,2024-01-08,180.38643729162627,183.86360885082058,179.80196071659407,183.823974609375,59144500
AAPL,2024-01-09,182.19932576748687,183.41781421075365,181.0204564512382,183.4079132080078,42841800
AAPL,2024-01-10,182.62527725276104,184.65608591378964,182.19929235625014,184.44805908203125,46792900
AAPL,2024-01-11,184.7947925921475,185.3000308909078,181.90211286972462,183.8536834716797,49128400
AAPL,2024-01-12,184.3192926371913,184.99293868218925,183.45743685571247,184.18060302734375,40477800
AAPL,2024-01-16,180.45578462721193,182.5361287641061,179.23728115128065,181.9120330810547,65603000
AAPL,2024-01-17,179.57411959355028,181.2185778549055,178.613193289656,180.97091674804688,47317400
AAPL,2024-01-18,184.34900450558874,187.37047281337263,184.09144241490495,186.86524963378906,78005800
AAPL,2024-01-19,187.5587198414397,190.15420352293785,187.0534966021051,189.76785278320312,68903000
AAPL,2024-01-22,190.50092877344645,193.50258021639056,190.46129453087994,192.0760498046875,60133900
AAPL,2024-01-23,193.19548176740474,193.91864797179585,192.01661247228014,193.35397338867188,42355600
AAPL,2024-01-24,193.59171936806808,194.542744606446,192.5218216434054,192.68032836914062,53631300
AAPL,2024-01-25,193.39360373027958,194.43378338829353,191.30334341188293,192.35342407226562,54822100
AAPL,2024-01-26,192.4524795638358,192.9378856146602,190.14427644491346,190.61978149414062,44594000
AAPL,2024-01-29,190.2136280052267,190.4018528619721,187.8063693410428,189.93624877929688,47145600
AAPL,2024-01-30,189.1536549714469,190.0056098088079,185.71611749758625,186.28077697753906,55859400
AAPL,2024-01-31,185.2901205380725,185.34957189909602,182.62529981948686,182.67481994628906,55467800
AAPL,2024-02-01,182.26867176596141,185.20097077595153,182.1002640289582,185.11181640625,64885400
AAPL,2024-02-02,178.1773017145222,185.5774165638072,177.57300802816712,184.11126708984375,102551700
AAPL,2024-02-05,186.38972207997213,187.4794368744002,184.10133612770585,185.9241180419922,69668800
AAPL,2024-02-06,185.11180183413052,187.53887744205016,185.02264747144727,187.5289764404297,43490800
AAPL,2024-02-07,188.85644306077413,189.26261088240534,186.84543618864265,187.63795471191406,53439000
AAPL,2024-02-08,187.61816353023744,187.7667541606289,185.5972553767356,186.5581817626953,40962000
AAPL,2024-02-09,187.12352087688578,188.45268968737696,186.4787864459619,187.32191467285156,45155200
AAPL,2024-02-12,186.8954092628083,187.14338640307878,185.27859346494134,185.63568115234375,41781900
AAPL,2024-02-13,184.26684396147397,184.70328611762721,182.02512109310902,183.54273986816406,56529500
AAPL,2024-02-14,183.8204888809099,184.02878118831165,180.96378758253468,182.65994262695312,54630500
AAPL,2024-02-15,182.06480997798818,182.99720639873473,179.8826142837668,182.37229919433594,65434500
AAPL,2024-02-16,181.9358425720657,183.3542794985624,180.20000281806102,180.83482360839844,49752500
AAPL,2024-02-20,180.31903131312703,180.95385211869663,178.543521838827,180.0908966064453,53665600
AAPL,2024-02-21,180.4678422502364,181.41015233649017,179.1982005294332,180.8447723388672,41371400
AAPL,2024-02-22,181.99536064224762,183.46339606563654,180.98362490692526,182.87815856933594,52292200
AAPL,2024-02-23,183.51297897874218,183.54273502175582,180.7554746671187,181.0431365966797,45119700
AAPL,2024-02-26,180.7654158601022,181.28119739799624,179.18826979539264,179.69415283203125,40867400
AAPL,2024-02-27,179.63461828889808,182.43179212202116,178.10707086865912,181.15223693847656,54318900
AAPL,2024-02-28,181.03321827875988,181.6382830805114,178.67248629654023,179.95204162597656,48953900
AAPL,2024-02-29,179.8032875873991,181.09277187641788,178.0773610649901,179.28749084472656,136682600
AAPL,2024-03-01,178.0971730296413,179.06923911535185,175.94473341504965,178.20628356933594,73563100
AAPL,2024-03-04,174.7246735635979,175.46860492728393,172.38376893378626,173.6831817626953,81510100
AAPL,2024-03-05,169.37830538929336,170.64794717373948,168.24753020204216,168.7434844970703,95132400
AAPL,2024-03-06,169.67587669286206,169.85442810491517,167.31512946505867,167.75157165527344,68587700
AAPL,2024-03-07,167.78130279152694,169.34851990765398,167.12665473872153,167.6325225830078,71765100
AAPL,2024-03-08,167.6325286145872,172.29449531822434,167.57301652903823,169.34852600097656,76267000
AAPL,2024-03-11,171.54068369235623,172.9690345645102,170.6578856026673,171.3522186279297,60139500
AAPL,2024-03-12,171.7489536078961,172.62183794587216,169.62626998762764,171.82830810546875,59825400
AAPL,2024-03-13,171.37204497358655,171.78864474969012,169.37829909505535,169.7453155517578,52488700
AAPL,2024-03-14,171.51090581587792,172.89957168966941,170.65786388331372,171.6001739501953,72913500
AAPL,2024-03-15,169.7849566919112,171.2232208251953,168.9120724685351,171.2232208251953,121752700
AAPL,2024-03-18,174.1493830977455,176.27206668827822,172.11596763998543,172.31434631347656,75604200
AAPL,2024-03-19,172.92931675607417,175.18095319129145,171.62991909909198,174.65524291992188,55215200
AAPL,2024-03-20,174.29817691484007,177.22430419921875,173.67326966604173,177.22430419921875,53423100
AAPL,2024-03-21,175.61741650508932,176.05385870042272,169.45765758517675,169.98336791992188,106181300
AAPL,2024-03-22,170.37020490965267,171.64977539848843,168.68396342338923,170.88600158691406,71160100
AAPL,2024-03-25,169.18985713490977,170.54876707334867,168.0789092110998,169.46759033203125,54288300
AAPL,2024-03-26,168.62443878704727,170.0329469889122,168.20783904863555,168.3367919921875,57388400
AAPL,2024-03-27,169.03112531152695,172.19531573949365,168.7335497446837,171.90765380859375,60273300
AAPL,2024-03-28,170.36028779920613,170.83639964948821,169.13031578937776,170.09246826171875,65672700
AAPL,2024-04-01,169.80480748103986,169.86431956551354,168.10863739693175,168.65419006347656,46240500
AAPL,2024-04-02,167.71190995116913,167.9698007416,166.8687815767491,167.47384643554688,49329500
AAPL,2024-04-03,167.4242255584593,169.29893197888933,167.21593325359058,168.2772674560547,47691700
AAPL,2024-04-04,168.9120862737285,170.5289019190824,167.45399475097656,167.45399475097656,53704400
AAPL,2024-04-05,168.21776886148135,169.01129873561936,167.5829479892356,168.20785522460938,42104800
AAPL,2024-04-08,167.66228381393842,167.83090643391947,166.87868279928273,167.08697509765625,37425500
AAPL,2024-04-09,167.3349666518587,168.70380527202582,166.98780774616682,168.297119140625,42373800
AAPL,2024-04-10,167.43417533006158,167.72182216558926,165.75784736817235,166.42242431640625,49709300
AAPL,2024-04-11,166.97787330186227,174.040272115757,166.7993370367697,173.6236572265625,91070300
AAPL,2024-04-12,172.8499808741194,176.9168120397123,172.80039755418966,175.1214599609375,101670900
AAPL,2024-04-15,173.94105717912421,175.200785081753,171.10419855705527,171.29266357421875,73531800
AAPL,2024-04-16,170.3602631929335,172.35399357547163,166.9084262901455,168.0094451904297,73711200
AAPL,2024-04-17,168.23761366668208,169.2691919230274,166.64064025878906,166.64064025878906,50901200
AAPL,2024-04-18,166.67037984876308,167.27544462394533,165.20235954360626,165.68838500976562,43122900
AAPL,2024-04-19,164.86511767231858,165.05356757276493,162.7523477339115,163.66490173339844,68149400
AAPL,2024-04-22,164.1807202784816,165.90663160390042,163.43678880778052,164.4981231689453,48116400
AAPL,2024-04-23,164.01206877643943,165.69831011966792,163.58554027123327,165.5495147705078,49537800
AAPL,2024-04-24,165.19243035823263,167.93010742906517,164.86511388137603,167.65237426757812,48251800
AAPL,2024-04-25,168.15824741627387,169.2295104164757,166.78940883790665,168.5153350830078,50558300
AAPL,2024-04-26,168.50540819041237,169.95358601606148,167.81106018420974,167.9300994873047,44838400
AAPL,2024-04-29,171.9671774185786,174.60565774723543,171.69937301226366,172.09613037109375,68169400
AAPL,2024-04-30,171.92750782528833,173.57407962239418,168.6244505944639,168.9517822265625,65934800
AAPL,2024-05-01,168.20783263565716,171.31251085120192,167.74163446478235,167.9300994873047,50383100
AAPL,2024-05-02,171.11414713776406,172.01678759624437,169.50726004906326,171.62994384765625,94214900
AAPL,2024-05-03,185.13970898312533,185.48688300008854,181.1820038934194,181.89617919921875,163224100
AAPL,2024-05-06,180.8745517774664,182.70957373322318,178.96016017665565,180.23973083496094,78569700
AAPL,2024-05-07,181.965609726272,183.40387401178498,179.8528549315395,180.92410278320312,77305800
AAPL,2024-05-08,181.3704478041577,181.5886688519262,179.981767033329,181.26133728027344,45057100
AAPL,2024-05-09,181.08280763590477,183.16582147443802,180.6364518520254,183.07655334472656,48983000
AAPL,2024-05-10,183.6526350835399,183.84135574437508,180.9013327671207,181.81512451171875,50759500
AAPL,2024-05-13,184.18900107058352,185.8378061410755,183.37452561798457,185.02333068847656,72044800
AAPL,2024-05-14,186.24503525163803,187.029714327999,185.0332642686859,186.1655731201172,52393600
AAPL,2024-05-15,186.6423374407049,189.36384333151435,186.1059718662387,188.44012451171875,70400000
AAPL,2024-05-16,189.1850657006259,189.81082048816586,188.3805324914181,188.55931091308594,52845200
AAPL,2024-05-17,188.23153932133224,189.52277241007562,187.90376371878457,188.589111328125,41282900
AAPL,2024-05-20,188.05276500067424,190.6252889956646,187.73491647398643,189.751220703125,44361300
AAPL,2024-05-21,189.80087387660714,191.42980957851574,189.6320225414164,191.05238342285156,42309400
AAPL,2024-05-22,190.97293553544338,191.51922822288097,188.9864276944718,189.61216735839844,34648500
AAPL,2024-05-23,189.69162509909052,189.7114944206788,185.370979738518,185.61929321289062,51005900
AAPL,2024-05-24,187.54620129756856,189.2943226367172,186.771449342652,188.6983642578125,36327000
AAPL,2024-05-28,190.21803261577213,191.69798625592665,187.82430244055638,188.7082977294922,52280100
AAPL,2024-05-29,188.33088121296123,190.95307102285372,188.23154975607,189.00628662109375,53068000
AAPL,2024-05-30,189.47310363654154,190.88352231957748,189.34399093884022,189.99952697753906,49889100
AAPL,2024-05-31,190.1485307236603,191.2709124904654,188.62885345568,190.95306396484375,75158300
AAPL,2024-06-03,191.5986571441052,193.67456916074488,191.22123099586668,192.72103881835938,50080500
AAPL,2024-06-04,193.3269468870457,194.00236744942592,191.72780743235197,193.03890991210938,47471400
AAPL,2024-06-05,194.08179923154876,195.5716800296083,193.55537589536917,194.5486297607422,54156800
AAPL,2024-06-06,194.36985841579607,195.17439165110096,192.86010824182844,193.1680145263672,41181800
AAPL,2024-06-07,193.33685821193552,195.6114180436154,192.83030419832767,195.56175231933594,53103900
AAPL,2024-06-10,195.57168290202756,195.96899354752293,190.8537269722117,191.8171844482422,97010200
AAPL,2024-06-11,192.34359145933493,205.7624599378956,192.32373729563466,205.7525177001953,172373300
AAPL,2024-06-12,205.97105482418652,218.7145040828182,205.50422428227435,211.6326141357422,198134300
AAPL,2024-06-13,213.29135046662026,215.2877853731434,210.17253378994005,212.7947235107422,97862700
AAPL,2024-06-14,212.40735976944958,213.71844708080008,209.87455920751867,211.05653381347656,70122700
AAPL,2024-06-17,211.93057220447776,217.47293058672338,211.28496325493592,215.20831298828125,93728300
AAPL,2024-06-18,216.12210108008887,217.15509356895643,211.56306955662498,212.8443603515625,79943300
AAPL,2024-06-20,212.4868170943974,212.79473855973384,207.4411002029893,208.26548767089844,86172500
AAPL,2024-06-21,208.97070143703453,210.46058238700795,205.71282963889428,206.09027099609375,241805100
AAPL,2024-06-24,206.3187055335118,211.2651058128792,205.19632375372012,206.73587036132812,80727000
AAPL,2024-06-25,207.73903864641352,209.95400566525086,207.20268823087267,207.6595916748047,55549700
AAPL,2024-06-26,210.07320698316605,213.41054080672134,209.2190079939271,211.8114013671875,66213200
AAPL,2024-06-27,213.24170164178506,214.28462136296307,210.917490941459,212.6556854248047,49772700
AAPL,2024-06-28,214.31439376890182,214.6123729638464,208.8812938369491,209.19912719726562,82542700
AAPL,2024-07-01,210.65921399467373,216.0426482623776,210.4903626519942,215.28778076171875,60402900
AAPL,2024-07-02,214.69182595520752,218.89330089441245,213.6489214774443,218.78404235839844,58046200
AAPL,2024-07-03,218.5158580863075,220.05540466308594,217.55240059045883,220.05540466308594,37369800
AAPL,2024-07-05,220.1547017635972,224.92232310094593,220.1547017635972,224.8130645751953,60412400
AAPL,2024-07-08,225.55804052038548,226.31292323770106,221.7439489111218,226.2831268310547,59085900
AAPL,2024-07-09,226.3923429370984,227.85242731023644,224.84286935479298,227.1372833251953,48076100
AAPL,2024-07-10,227.75312751683794,231.50762613234983,227.70346178953022,231.40829467773438,62627700
AAPL,2024-07-11,229.82901193417422,230.82226580227746,224.2469300453064,226.0347900390625,64710600
AAPL,2024-07-12,227.3756899381295,231.07059580434316,227.13730353661973,228.98475646972656,53046500
AAPL,2024-07-15,234.88468027763452,235.62962070976812,231.5175501306247,232.81871032714844,62631300
AAPL,2024-07-16,233.4146487749432,234.67608537579065,230.7626628820321,233.23587036132812,43234300
AAPL,2024-07-17,227.90209958898402,229.8985495862513,225.11105861290636,227.33595275878906,57345900
AAPL,2024-07-18,228.72648739278685,228.88541164065143,220.7705297877149,222.66763305664062,66034600
AAPL,2024-07-19,223.30333735062962,225.2699757257536,221.7737179376491,222.79676818847656,49151500
AAPL,2024-07-22,225.47857008869346,226.24337986146955,221.58501648633228,222.44915771484375,48201800
AAPL,2024-07-23,222.8563682936816,225.40903804109774,221.17776681088287,223.49205017089844,39960300
AAPL,2024-07-24,222.48887740092556,223.2834835656707,215.66522784122517,217.06570434570312,61777600
AAPL,2024-07-25,217.45306951901438,219.36013034825794,213.17214762576046,216.02279663085938,51391200
AAPL,2024-07-26,217.22462220056258,218.0093012590926,214.55276681781487,216.4896240234375,41601300
AAPL,2024-07-29,215.49638213713573,217.82059272630025,214.294538197557,216.7677459716797,36311800
AAPL,2024-07-30,217.71131248471113,218.84362126060284,214.66201590891492,217.32394409179688,41643800
AAPL,2024-07-31,219.94613576688096,222.31008478832948,219.14160257039833,220.58181762695312,50036300
AAPL,2024-08-01,222.85636745689294,222.96562598955987,215.5559605569344,216.8869171142578,62501000
AAPL,2024-08-02,217.6715836076827,224.0780833133434,216.24131073912352,218.37680053710938,105568600
AAPL,2024-08-05,197.74689884962459,212.05968999437758,194.67774819155974,207.8582305908203,119548600
AAPL,2024-08-06,203.91502798694503,208.5733911865651,199.7135682482994,205.83200073242188,69660500
AAPL,2024-08-07,205.50421123787663,212.1987475040528,204.9976572409954,208.40452575683594,63516400
AAPL,2024-08-08,211.67233918968967,212.7549823030523,207.42121371107248,211.87098693847656,47161100
AAPL,2024-08-09,210.66914912089348,215.317569896599,210.54002126961797,214.78121948242188,42201600
AAPL,2024-08-12,214.86080125653766,218.281537024183,214.39343033300037,216.3126220703125,38028100
AAPL,2024-08-13,217.7843155173404,220.64820259017597,217.7843155173404,220.03167724609375,44155300
AAPL,2024-08-14,219.33559848009435,221.7818227179272,218.4704570730026,220.47915649414062,41960600
AAPL,2024-08-15,223.34303300242357,224.0888356302054,221.51331902381992,223.4623565673828,46414000
AAPL,2024-08-16,222.66684293368954,225.56056092969672,222.39834972442236,224.78492736816406,44340200
AAPL,2024-08-19,224.4567771868955,224.72527040192085,221.791767703572,224.62582397460938,40687800
AAPL,2024-08-20,224.50650638916653,225.89866536829538,224.18828995199718,225.2423553466797,30299000
AAPL,2024-08-21,225.25228856886343,226.70410920432383,223.7905141872767,225.13294982910156,34765500
AAPL,2024-08-22,226.51517227009805,227.06209724349452,222.64694316501192,223.27342224121094,43695300
AAPL,2024-08-23,224.39710671028325,226.9427773475752,223.07454817990703,225.57049560546875,38677300
AAPL,2024-08-26,225.490936936756,226.00803101617393,222.6370036872603,225.90858459472656,30602200
AAPL,2024-08-27,224.73519205544582,227.569248113113,223.63140355832627,226.7538299560547,35934600
AAPL,2024-08-28,226.6444476309267,228.57359288043327,224.41697829182954,225.2224578857422,38052200
AAPL,2024-08-29,228.8122756660522,231.61648594304322,227.5991020536236,228.50399780273438,51906300
AAPL,2024-08-30,228.9017723040151,229.1105885676507,226.20693181059323,227.7184295654297,52990800
AAPL,2024-09-03,227.27093626472063,227.71841483123856,219.9322331496077,221.52328491210938,50190600
AAPL,2024-09-04,220.41949337418052,220.53881694406624,216.2628786668988,219.61402893066406,43840200
AAPL,2024-09-05,220.3896496553389,224.2180939758369,220.28026466484505,221.1354522705078,36615400
AAPL,2024-09-06,222.69668624975694,223.97947540850993,218.5400864277892,219.58421325683594,48423000
AAPL,2024-09-09,219.58418286587863,220.03166139542517,215.49718397235344,219.67367553710938,67180000
AAPL,2024-09-10,217.6948463098401,220.24051723864008,215.5170998778664,218.87818908691406,51591000
AAPL,2024-09-11,220.22061344649163,221.8414808899648,216.670585544778,221.4138946533203,44587100
AAPL,2024-09-12,221.25479170284098,222.29891847364556,218.5897974500539,221.52328491210938,37455600
AAPL,2024-09-13,222.3287642541488,222.78618142445666,220.66811202153605,221.2548065185547,36766600
AAPL,2024-09-16,215.328129813119,216.0043320914465,212.7227974671536,215.109375,59357400
AAPL,2024-09-17,214.54254826078727,215.68610617984226,213.29954392555678,215.57672119140625,45519300
AAPL,2024-09-18,216.33249894497217,221.46362499015893,216.322545198334,219.45492553710938,59894900
AAPL,2024-09-19,223.7308662842885,228.53383738270648,223.37288038958053,227.58914184570312,66781300
AAPL,2024-09-20,228.6829959505254,231.7855303113645,226.34614143297367,226.9228973388672,318679900
AAPL,2024-09-23,226.06770192621624,228.16589404695566,224.54626569168985,225.20257568359375,54146000
AAPL,2024-09-24,227.37036953161189,228.06646416724695,224.4667129366972,226.0975341796875,43556100
AAPL,2024-09-25,223.67119056847437,226.0179836305296,222.76629484001745,225.10313415527344,42308700
AAPL,2024-09-26,226.02791885863684,227.2212000254045,224.1484968482946,226.24668884277344,36636700
AAPL,2024-09-27,227.18143093581907,228.2354962210898,226.02791923090672,226.51516723632812,34026000
AAPL,2024-09-30,228.75258844686658,231.69602966308594,228.3647716650959,231.69602966308594,54541900
AAPL,2024-10-01,228.2355040411627,228.36476618305377,222.4878528116685,224.94403076171875,63285000
AAPL,2024-10-02,224.62583039487592,226.09754348610434,221.77189689552054,225.51084899902344,32880600
AAPL,2024-10-03,223.88001079844628,225.5406628776434,222.0702042586661,224.40704345703125,34044200
AAPL,2024-10-04,226.6245660168141,226.72401244250622,222.87567550784985,225.53073120117188,37245100
AAPL,2024-10-07,223.24361256318196,224.42695529805295,220.09135491038006,220.4493408203125,39505400
AAPL,2024-10-08,223.0447257693685,224.71531649859696,222.00059897690352,224.50650024414062,31855700
AAPL,2024-10-09,223.96952441146985,228.4642330490597,223.57176903047048,228.25540161132812,33591100
AAPL,2024-10-10,226.50525089558744,228.21562630222516,225.89866409237993,227.75819396972656,28183500
AAPL,2024-10-11,228.01675665509578,228.1261416619367,226.06771885321956,226.27655029296875,31759200
AAPL,2024-10-14,227.4200987868959,230.43314046117197,227.32066753158787,230.00555419921875,39882100
AAPL,2024-10-15,232.30261271123658,236.16090332060597,231.0695468532438,232.54127502441406,64751400
AAPL,2024-10-16,230.30386376880503,230.8209426799016,228.55370384388218,230.48284912109375,34082200
AAPL,2024-10-17,232.12361966628396,232.5412825211578,229.22991678936268,230.8507843017578,32993800
AAPL,2024-10-18,234.8582185948981,234.8582185948981,232.7003647541102,233.68482971191406,46431500
AAPL,2024-10-21,233.13791711516282,235.52449481958178,233.13791711516282,235.15655517578125,36254500
AAPL,2024-10-22,232.5810627118631,234.89802497361626,231.29828871484364,234.5400390625,38846600
AAPL,2024-10-23,232.76999409553275,233.82405947286142,226.4853561254601,229.46856689453125,52287000
AAPL,2024-10-24,228.69293816499177,229.52824872985036,227.13173238618916,229.27964782714844,31109500
AAPL,2024-10-25,228.45427709115,231.91479719738325,228.28523030841902,230.11492919921875,38802300
AAPL,2024-10-28,232.0142568404043,233.4163543943246,231.24856181455635,232.0937957763672,36087100
AAPL,2024-10-29,231.7954872619061,233.01859945208068,231.01985366097637,232.36228942871094,35417200
AAPL,2024-10-30,231.30818780515023,232.1633753816507,228.26531566676715,228.81224060058594,47070900
AAPL,2024-10-31,228.05650301771783,228.5437662121666,224.10871977089283,224.6457061767578,64370100
AAPL,2024-11-01,219.7333456007168,224.08883784550613,219.03726617591775,221.66249084472656,65276700
AAPL,2024-11-04,219.7532516264011,221.5431659237015,218.48041626355018,220.7675323486328,44944500
AAPL,2024-11-05,220.55871830266648,222.6966799421733,219.90240829460964,222.19947814941406,28111300
AAPL,2024-11-06,221.36417152277414,224.80481443000403,219.95212032394844,221.4735565185547,54561100
AAPL,2024-11-07,223.37288331058951,226.6046949785728,223.31322152292373,226.20692443847656,42137700
AAPL,2024-11-08,226.1471868576639,227.63048374280507,225.39061415381417,225.93814086914062,38328800
AAPL,2024-11-11,223.98696589218596,224.68381119249955,220.50272420052974,223.22042846679688,42005600
AAPL,2024-11-12,223.53899499841924,224.5743058460154,222.354350392842,223.22042846679688,40398300
AAPL,2024-11-13,223.00141185159572,225.62952490733255,221.75703985190805,224.10641479492188,48566200
AAPL,2024-11-14,224.0068849307252,227.83954176018094,223.9869707245471,227.19247436523438,44923900
AAPL,2024-11-15,225.38064426033654,225.89830725108274,223.26024476090137,223.98695373535156,47923700
AAPL,2024-11-18,224.23582987715278,228.70561947942855,224.1561882479486,226.9933624267578,44633700
AAPL,2024-11-19,225.95804731142948,229.123737666772,225.63949596937007,227.252197265625,36211800
AAPL,2024-11-20,227.0331781982001,228.89475383274825,224.8729502483013,227.9689483642578,35169600
AAPL,2024-11-21,227.8494838511811,229.12371949855563,224.69375844400457,227.49110412597656,42108300
AAPL,2024-11-22,227.0331737980822,229.68120098473537,227.0331737980822,228.83502197265625,38168300
AAPL,2024-11-25,230.41787789282506,232.19981188776785,228.70562083004268,231.82151794433594,90152800
AAPL,2024-11-26,232.27945661483375,234.50937670519198,232.27945661483375,234.0016632080078,45986200
AAPL,2024-11-27,233.41433300973634,234.62884134649127,232.75730092131053,233.87225341796875,33498400
AAPL,2024-11-29,233.75278591990275,236.73927868022366,232.91657159263394,236.26144409179688,28481400
AAPL,2024-12-02,236.20171450499868,239.70585504150458,236.0922091638524,238.51126098632812,48137100
AAPL,2024-12-03,238.73028547870095,241.66700046466846,237.82437898500294,241.5574951171875,38861000
AAPL,2024-12-04,241.7765092325954,243.01093178619982,240.16380790150487,241.91587829589844,44383900
AAPL,2024-12-05,242.891459337747,243.43897085315564,241.0398332364883,241.9457244873047,40033900
AAPL,2024-12-06,241.81631992920728,243.52857697582414,240.99005511798387,241.7466278076172,36870600
AAPL,2024-12-09,240.74117665680967,246.1268220997756,240.66153502923254,245.63902282714844,44649200
AAPL,2024-12-10,245.77840669680953,247.09247084593116,244.23538234840328,246.65444946289062,36914800
AAPL,2024-12-11,246.8435859006099,249.67079537394437,245.15122786747497,245.3802032470703,45205800
AAPL,2024-12-12,245.77840766369866,247.62008434324935,244.57384885559844,246.84359741210938,32777500
AAPL,2024-12-13,246.70421556592945,248.16758302178013,245.13132757947596,247.0128173828125,33155300
AAPL,2024-12-16,246.8734431082497,250.24817919808956,246.53496239648825,249.90969848632812,51694800
AAPL,2024-12-17,248.95404406138837,252.68716009783537,248.655391740455,252.33872985839844,51356400
AAPL,2024-12-18,251.02467749046986,253.13512753347695,246.62457993830327,246.9331817626953,56774100
AAPL,2024-12-19,246.3856613682502,250.86540066585474,245.97750369773615,248.66534423828125,60882300
AAPL,2024-12-20,246.9232356335886,253.85190610745477,244.58382522076937,253.34420776367188,147495300
AAPL,2024-12-23,253.62294818149482,254.49897581061583,252.30888395267968,254.12069702148438,40858800
AAPL,2024-12-24,254.3397007808045,257.04744042152294,254.14058909817473,257.0375061035156,23234700
AAPL,2024-12-26,257.0275101814573,258.9289141129315,256.47003399402934,257.853759765625,27237100
AAPL,2024-12-27,256.66912911312295,257.53523753189216,251.92061656694878,254.43922424316406,42355300
AAPL,2024-12-30,251.0943626150189,252.3586488565982,249.62103037787767,251.0644989013672,35557500
AAPL,2024-12-31,251.30342042234355,252.1396347735265,248.30696287880588,249.29251098632812,39480700
